{
  "region":
  {
    "cityname":"porto_all",
    "minlon":-8.699994,
    "minlat":41.100048,
    "maxlon":-8.482023,
    "maxlat":41.199993,
    "cellsize":100.0,
    "minfreq":10
  }
}
