{
  "region":
  {
    "cityname":"shanghai_all",
    "minlon":30.713694,
    "minlat":121.001089,
    "maxlon":31.752279,
    "maxlat":121.921528,
    "cellsize":100.0,
    "minfreq":10,
    "vocab_size":40004,
    "train_size":373565,
    "eval_size":10000,
    "test_size":10000
  }
}
